{
  "type": "minecraft:chest",
  "pools": [
    {
      "rolls": 3,
      "entries": [
        {
          "type": "minecraft:item",
          "name": "minecraft:poisonous_potato",
          "functions": [
            {
              "function": "minecraft:set_count",
              "count": 1
            }
          ]
        },
        {
          "type": "minecraft:item",
          "name": "minecraft:carved_pumpkin",
          "functions": [
            {
              "function": "minecraft:set_enchantments",
              "enchantments": {},
              "add": true
            }
          ]
        }
      ]
    },
    {
      "rolls": 1,
      "entries": [
        {
          "type": "minecraft:item",
          "name": "minecraft:iron_ingot",
          "functions": [
            {
              "function": "minecraft:set_count",
              "count": 6,
              "conditions": [
                {
                  "condition": "minecraft:random_chance",
                  "chance": 0.9
                }
              ]
            }
          ],
          "conditions": [
            {
              "condition": "minecraft:random_chance",
              "chance": 0.9
            }
          ]
        }
      ]
    },
    {
      "rolls": 1,
      "entries": [
        {
          "type": "minecraft:item",
          "name": "minecraft:diamond",
          "functions": [
            {
              "function": "minecraft:set_count",
              "count": 5,
              "conditions": [
                {
                  "condition": "minecraft:random_chance",
                  "chance": 0.5
                }
              ]
            }
          ]
        }
      ]
    },
    {
      "rolls": 1,
      "entries": [
        {
          "type": "minecraft:item",
          "name": "minecraft:suspicious_stew",
          "functions": [
            {
              "function": "minecraft:set_count",
              "count": 2,
              "conditions": [
                {
                  "condition": "minecraft:random_chance",
                  "chance": 0.4
                }
              ]
            }
          ]
        }
      ]
    },
    {
      "rolls": 2,
      "entries": [
        {
          "type": "minecraft:item",
          "name": "minecraft:birch_sapling"
        },
        {
          "type": "minecraft:item",
          "name": "minecraft:acacia_sapling"
        },
        {
          "type": "minecraft:item",
          "name": "minecraft:cherry_sapling"
        },
        {
          "type": "minecraft:item",
          "name": "minecraft:dark_oak_sapling"
        },
        {
          "type": "minecraft:item",
          "name": "minecraft:jungle_sapling"
        },
        {
          "type": "minecraft:item",
          "name": "minecraft:oak_sapling"
        },
        {
          "type": "minecraft:item",
          "name": "minecraft:spruce_sapling"
        }
      ]
    }
  ]
}
